criativo;publico_angulo;titulo;texto_principal;descricao;cta_sugerido
01;Antecipação;Sua Black Friday começa antes da sexta;A oferta pode ser ótima. Mas, sem um criativo que prende a atenção, ela passa despercebida. Planeje agora seus vídeos de Black Friday com direção, captação e edição profissional.;Agende sua produção com a SparkFilmes.;Solicitar orçamento
02;Qualidade e confiança;Sua campanha merece mais que improviso;Na Black Friday, todo mundo disputa o mesmo feed. Destaque seu serviço com vídeos bem dirigidos, imagem profissional e uma mensagem clara para o seu público.;Criativos profissionais para anunciar.;Enviar mensagem
03;Eficiência de produção;Grave sua campanha em uma única diária;Aproveite uma diária de produção para gravar anúncios, reels e diferentes versões da sua oferta. Mais conteúdo, mais possibilidades de teste e consistência em toda a campanha.;Peça uma proposta personalizada.;Solicitar orçamento
04;Profissionais liberais;Transforme conhecimento em autoridade;Você domina o seu assunto. Nós ajudamos a transformar isso em conteúdo claro, seguro e profissional para sua campanha de Black Friday — com roteiro, direção, captação e edição.;Conteúdo profissional para sua marca.;Saiba mais
05;Comércios e marcas locais;Dê cara de campanha à sua oferta;Seu produto não precisa competir só por preço. Uma produção bem-feita aumenta a percepção de valor e apresenta sua oferta com a qualidade que a sua marca merece.;Produção audiovisual para comércios.;Solicitar orçamento
06;Beleza e bem-estar;Antes de vender, faça desejar;Mostre o cuidado, a técnica e a experiência por trás do seu serviço. Criamos vídeos de Black Friday para profissionais de beleza e bem-estar que querem comunicar valor com uma imagem à altura.;Agende sua produção audiovisual.;Enviar mensagem
07;Urgência de agenda;O tempo de produzir é agora;Uma campanha forte precisa de planejamento, gravação e edição. Antecipe sua produção de Black Friday e chegue à data com seus criativos prontos para anunciar.;Reserve sua data de gravação.;Solicitar orçamento
08;Bastidores e processo;Da ideia ao corte final;Você entra com o conhecimento do seu negócio. A SparkFilmes cuida da direção, captação e edição para transformar sua oferta em uma campanha clara, bonita e pronta para o feed.;Produção completa para sua campanha.;Saiba mais
09;Gastronomia;Faça sua oferta dar vontade;Na Black Friday, primeiro o cliente compra com os olhos. Produzimos vídeos para restaurantes e delivery destacarem pratos, combos e experiências com imagem profissional.;Conteúdo que valoriza seu cardápio.;Enviar mensagem
10;Chamada direta;Coloque sua marca em cena nesta Black Friday;Tenha uma campanha com planejamento, gravação e edição profissional. Conte sua ideia para a SparkFilmes e receba uma proposta pensada para o seu negócio.;Solicite seu orçamento pelo WhatsApp.;Solicitar orçamento
