Criativo;Título;Texto principal;Descrição
11;"Sua oferta vai aparecer ou passar batida?";"Na Black Friday, não basta ter uma boa oferta: ela precisa ganhar atenção. Produza vídeos e fotos profissionais para apresentar sua campanha com clareza, ritmo e uma imagem à altura do seu negócio. Coloque sua marca em cena com a SparkFilmes.";"Produção de conteúdo para sua campanha de Black Friday."
12;"Prepare agora o conteúdo da sua Black Friday";"A correria aumenta quando a data se aproxima. Antecipe sua produção de conteúdo e tenha tempo para aprovar, editar, publicar e testar diferentes criativos antes da Black Friday. Agende sua gravação com a SparkFilmes.";"Grave antes da correria e anuncie com planejamento."
13;"Não deixe sua produção para a última hora";"Sua campanha começa muito antes da promoção entrar no ar. Planeje e grave agora os conteúdos que vão apresentar sua oferta, aquecer o público e sustentar seus anúncios durante a Black Friday.";"Planejamento, captação e edição para sua campanha."
14;"Valorize sua oferta com conteúdo profissional";"Um bom produto merece imagens que despertem interesse. Produzimos vídeos e fotos para destacar seus diferenciais, valorizar sua oferta e deixar sua campanha de Black Friday pronta para o feed e os anúncios.";"Conteúdo profissional para produtos, lojas e marcas."
15;"Sua autoridade também precisa de imagem";"Você domina o que faz. Agora é hora de transformar esse conhecimento em conteúdo que fortalece sua presença. A SparkFilmes produz vídeos profissionais para prestadores de serviços e profissionais liberais que querem ser lembrados.";"Produção de conteúdo para fortalecer sua marca."
16;"Seu serviço merece mais atenção";"Antes de comparar preços, seu cliente precisa entender o valor do seu trabalho. Use conteúdo profissional para mostrar seu método, seus diferenciais e a experiência que você entrega — inclusive nas campanhas de Black Friday.";"Vídeos que apresentam seu serviço com clareza."
17;"Transforme seu produto em desejo";"Imagem, movimento e detalhes abrem o apetite antes mesmo do clique. Produzimos conteúdo audiovisual para restaurantes, confeitarias e marcas de alimentos apresentarem ofertas irresistíveis na Black Friday.";"Produção audiovisual para gastronomia e produtos."
18;"Construa confiança com conteúdo profissional";"Explicar, orientar e aparecer com consistência ajuda o público a entender seu trabalho. Produza vídeos profissionais para comunicar sua especialidade e chegar à Black Friday com uma presença mais forte.";"Conteúdo para profissionais que vivem da confiança."
19;"Sua marca também pode fazer uma grande campanha";"O tamanho do negócio não limita a força da comunicação. Com uma produção de conteúdo bem planejada, sua marca pode valorizar o que tem de único e disputar atenção na Black Friday com personalidade.";"Conteúdo profissional para marcas e negócios locais."
20;"A Black Friday chega. Seu conteúdo está pronto?";"Roteiro, gravação e edição precisam de tempo. Reserve sua data de produção e prepare os conteúdos da sua campanha antes que a agenda e o calendário apertem.";"Antecipe sua produção de conteúdo para a Black Friday."
