criativo;angulo;titulo;texto_principal;descricao;cta_sugerido
01;Urgência e antecipação;Ainda dá tempo de produzir sua Black Friday;Sua campanha ainda pode ganhar a atenção que merece. Produza agora anúncios, reels e vídeos profissionais para apresentar sua oferta e chegar à Black Friday com conteúdo pronto para publicar.;Agende sua produção de conteúdo.;Solicitar orçamento
02;Concorrência e urgência;Não deixe sua produção para a última hora;Enquanto o feed começa a se preparar para a Black Friday, sua marca também precisa entrar em cena. Grave conteúdos profissionais para anunciar sua oferta com clareza e confiança.;Produção de conteúdo para Black Friday.;Enviar mensagem
03;Eficiência;Uma diária pode render sua campanha inteira;Em uma única captação, você pode produzir anúncios, reels e diferentes versões da sua mensagem. Mais conteúdo para testar, publicar e manter sua campanha ativa.;Monte seu pacote de produção.;Solicitar orçamento
04;Oportunidade e atenção;A oportunidade de aparecer é agora;A Black Friday aumenta a atenção do público — e também a disputa por ela. Transforme seu conhecimento e sua oferta em conteúdo profissional para sua marca ser lembrada.;Coloque sua marca diante do cliente.;Saiba mais
05;Visibilidade da oferta;Sua oferta precisa aparecer;Não basta preparar preço, produto e condição especial. Sua campanha precisa de conteúdo para chegar ao público. Produzimos vídeos para comércios, produtos e marcas locais.;Produção audiovisual para sua oferta.;Solicitar orçamento
06;Prontidão;Seu cliente está pronto. Seu conteúdo também?;A oportunidade pode chegar antes do seu material ficar pronto. Antecipe sua produção de conteúdo e tenha vídeos profissionais para apresentar sua oferta no momento certo.;Grave agora sua campanha.;Enviar mensagem
07;Última hora;Produção de conteúdo precisa de tempo;Planejamento, gravação e edição não acontecem no último minuto. Comece agora sua produção de Black Friday e chegue à campanha com os criativos prontos para anunciar.;Reserve sua data de gravação.;Solicitar orçamento
08;Antecipação e teste;Produza antes para testar melhor;Criativos feitos com antecedência dão tempo para testar mensagens, formatos e ofertas. Produza sua campanha agora e use os aprendizados para anunciar melhor na Black Friday.;Comece sua produção de conteúdo.;Saiba mais
09;Oportunidade e visibilidade;Use a Black Friday para colocar sua marca em cena;A Black Friday não é apenas uma oportunidade de desconto. É uma oportunidade de visibilidade. Produza conteúdo audiovisual para apresentar sua oferta diante de mais clientes.;Conteúdo profissional para sua campanha.;Enviar mensagem
10;Aproveitamento;Produza agora e aproveite toda a campanha;A Black Friday tem data para acontecer, mas uma boa produção pode render vídeos para anúncios, reels e outras ações da sua marca. Transforme uma gravação em conteúdo para toda a campanha.;Solicite seu orçamento pelo WhatsApp.;Solicitar orçamento
